<BackupInst xmlns="http://www.microsoft.com/GroupPolicy/GPOOperations/Manifest"><GPOGuid><![CDATA[{63695C80-1E36-4C6F-8D16-33856A7EA9D9}]]></GPOGuid><GPODomain><![CDATA[Tenaka.loc]]></GPODomain><GPODomainGuid><![CDATA[{51bf7ba1-1666-4a3e-849d-3c1d78a5d912}]]></GPODomainGuid><GPODomainController><![CDATA[IPSecDC1.Tenaka.loc]]></GPODomainController><BackupTime><![CDATA[2025-10-28T07:10:44]]></BackupTime><ID><![CDATA[{A5214940-95CC-4E93-837D-5D64CA58935C}]]></ID><Comment><![CDATA[]]></Comment><GPODisplayName><![CDATA[NTP Settings for PDC]]></GPODisplayName></BackupInst>
